name,id,tier,rarity,base value,range,damage/second,damage/shot,emp,impact,turn rate,OPs,ammo,ammo/sec,reload size,type,energy/shot,energy/second,chargeup,chargedown,burst size,burst delay,min spread,max spread,spread/shot,spread decay/sec,beam speed,proj speed,launch speed,flight time,proj hitpoints,autofireAccBonus,extraArcForAI,hints,tags,groupTag,tech/manufacturer,for weapon tooltip>>,primaryRoleStr,speedStr,trackingStr,turnRateStr,accuracyStr,customPrimary,customPrimaryHL,customAncillary,customAncillaryHL,noDPSInTooltip,number
Multipurpose cannon,NPR_mp_cannon,1,,2000,1000,,300,0,40,40,10,,,,KINETIC,300,,,2.25,1,,0,2,1,1,,900,,,300,,,,"kinetic10,he7,LR,midline_bp,merc,ind,persean,tritachyon",,,,General,,,,,Deals an additional 100 high explosive damage on hit.,100|high explosive,,,,90.05
Dual cannon,NPR_dual_cannon,1,,2000,850,,200,0,30,30,10,,,,KINETIC,200,,,2.25,1,,0,5,1,1,,850,,,300,,,,"kinetic10,he7,LR,midline_bp,merc,ind,persean,tritachyon",,,,General,,,,,Deals an additional 100 high explosive damage on hit.,100|high explosive,,,,91.05
C-star ASM launcher,NPR_c-star_pod,1,,1500,3000,,750,0,25,10,15,8,0.25,8,HIGH_EXPLOSIVE,0,,0,2,4,0.4,0,0,0,0,,200,100,15,150,,,"DO_NOT_AIM, DO_NOT_CONSERVE","utility3, missile12,strike6, missile_bp, merc, ind, persean, tritachyon",,,,Long Range Support,Medium,Medium,,,,,,,TRUE,92.05
C-star ASM triple rack,NPR_c-star_rack,1,,800,3000,,750,0,25,10,6,3,0.05,3,HIGH_EXPLOSIVE,0,,0,5,3,0.25,0,0,0,0,,200,100,15,150,,,"DO_NOT_AIM, DO_NOT_CONSERVE","utility3, missile6, strike8,  missile_bp, merc, ind, persean, tritachyon",,,,Long Range Support,Medium,Medium,,,,,,,TRUE,93.05
C-star ASM large launcher,NPR_c-star_large,1,,2500,3000,,750,0,25,10,20,12,0.25,12,HIGH_EXPLOSIVE,0,,0,1,6,0.3,0,0,0,0,,200,100,15,150,,,"DO_NOT_AIM, DO_NOT_CONSERVE","utility3, missile18, strike12, missile_bp, merc, ind, persean, tritachyon",,,,Long Range Support,Medium,Medium,,,,,,,TRUE,94.05
Trinity cannon,NPR_trinity_cannon,2,,9000,1000,,700,0,150,15,20,,,,ENERGY,750,,,10,3,0.75,0,6,2,2,,850,,,450,,,"STRIKE,USE_VS_FRIGATES","energy25,LR,midline_bp,merc,ind,persean,tritachyon",,,,General,,,,,,,,,,95.05
Blunt force torpedo launcher,NPR_bft,1,,1000,2000,,6000,0,75,10,5,1,0.025,1,HIGH_EXPLOSIVE,0,,0,0,1,0,0,0,0,0,,400,100,5,450,,,"DO_NOT_AIM, STRIKE","strike8, rocket6, missile_bp, merc,hegemony, ind, persean, tritachyon",,,,Torpedo,Fast,Special,,,Unguided after a brief initial aiming stage.,,,,TRUE,96.05
Repeating BFT Launcher,NPR_bft_repeating,1,,2000,2000,,6000,,75,20,15,6,0.05,3,HIGH_EXPLOSIVE,0,,0,5,1,,0,0,0,0,,400,100,5,450,,,"DO_NOT_AIM, STRIKE","strike16, rocket10, missile_bp, merc, ind",,,,Torpedo,Fast,Special,,,Unguided after a brief initial aiming stage.,,,,TRUE,97.05
Hellstorm BFT Launcher,NPR_bft_hellstorm,2,,9000,2000,,6000,,75,20,28,15,0.05,3,HIGH_EXPLOSIVE,0,,0,5,2,0.25,0,0,0,0,,400,100,5,450,,,"DO_NOT_AIM, STRIKE","strike21, rocket18, rare_bp, merc, ind",,,,Torpedo,Fast,Special,,,Unguided after a brief initial aiming stage.,,,,TRUE,98.05
