name,id,designation,tech/manufacturer,system id,fleet pts,hitpoints,armor rating,max flux,8/6/5/4%,flux dissipation,ordnance points,fighter bays,max speed,acceleration,deceleration,max turn rate,turn acceleration,mass,shield type,defense id,shield arc,shield upkeep,shield efficiency,phase cost,phase upkeep,min crew,max crew,cargo,fuel,fuel/ly,range,max burn,base value,cr %/day,CR to deploy,peak CR sec,CR loss/sec,supplies/rec,supplies/mo,c/s,c/f,f/s,f/f,crew/s,crew/f,hints,tags,logistics n/a reason,codex variant id,rarity,breakProb,minPieces,maxPieces,travel drive,number
Longsword,NPR_longsword,Destroyer,NPRS,acausaldisruptor,20,5500,550,6500,4200,600,120,,90,60,50,30,60,450,OMNI,,300,0.3,0.7,,,50,150,150,70,2,35,9,45000,5,12,400,0.25,18,18,,,,,,,,"hightech_bp, rare_bp, merc, ind, persean, tritachyon",,,,0.4,2,4,,5301
Broadsword,NPR_broadsword,Destroyer,NPRS,fortressshield,20,6000,950,6000,4200,550,110,,90,90,60,40,30,500,OMNI,,300,0.3,0.7,,,50,150,100,70,2,35,9,50000,5,12,400,0.25,18,18,,,,,,,,"hightech_bp, rare_bp, merc, ind, persean, tritachyon",,,,0.4,2,4,,5302
Spear,NPR_spear,Cruiser,NPRS,plasmajets,24,7000,1100,12000,4200,650,155,,50,40,30,25,15,1350,OMNI,,300,0.4,1,,,150,250,200,105,3,35,8,150000,4,15,480,0.25,30,30,,,,,,,,"hightech_bp, rare_bp, merc, ind, persean, tritachyon",,,,0.4,2,3,,5303
Hwando,NPR_hwando,Destroyer,NPRS,acausaldisruptor,22,5000,800,7500,4200,700,130,,95,75,60,35,65,550,OMNI,,300,0.25,0.6,,,50,150,150,70,2,35,9,65000,5,12,400,0.25,20,20,,,,,,,,"hightech_bp, rare_bp, merc, ind, persean, tritachyon",,,0.8,0.4,2,4,,5304
Halberd,NPR_halberd,Cruiser,NPRS,displacer,24,7000,1200,12000,4200,800,200,,45,35,25,20,10,1500,OMNI,,300,0.4,1,,,180,300,200,105,3,35,8,180000,4,15,480,0.25,35,35,,,,,,,,"hightech_bp, rare_bp, merc, ind, persean, tritachyon",,,0.6,0.4,2,3,,5305
Shortsword,NPR_shortsword,Destroyer,NPRS,displacer,15,5000,500,6000,4200,550,120,,105,90,60,40,30,400,OMNI,,300,0.3,0.8,,,50,150,100,70,2,35,9,50000,5,12,360,0.25,15,15,,,,,,,,"hightech_bp, rare_bp, merc, ind, persean, tritachyon",,,,0.4,2,4,,5306
Sabre,NPR_sabre,Destroyer,NPRS,plasmajets,20,5000,500,6500,4200,600,125,,95,60,50,30,60,450,OMNI,,300,0.3,0.8,,,50,150,150,70,2,35,9,50000,5,12,400,0.25,18,18,,,,,,,,"hightech_bp, rare_bp, merc, ind, persean, tritachyon",,,,0.4,2,4,,5307
Claymore,NPR_claymore,Destroyer,NPRS,ammofeed,15,4500,300,5500,4200,550,80,,80,50,50,30,60,400,OMNI,,300,0.3,1,,,50,100,100,70,2,35,9,60000,5,12,360,0.25,15,15,,,,,,,,"hightech_bp, rare_bp, merc, ind, persean, hegemony",,,0.8,0.4,2,4,,5308
Blade,NPR_blade,,NPRS,flarelauncher_fighter,,1500,350,2200,,350,0,,180,150,100,70,90,100,OMNI,,300,0.2,0.8,,,10,10,,,,,,,,,,,,,,,,,,,,,,,,0,,,,5201
Greatsword,NPR_greatsword,Battlecruiser,NPRS,plasmajets,26,8000,1350,12000,,1000,300,2,45,30,20,15,6.5,2700,OMNI,,300,0.4,1.2,,,250,500,500,300,10,30,8,240000,3,15,600,0.25,40,40,,,,,,,,"hightech_bp, rare_bp, ind, persean, tritachyon",,,,0.4,2,3,,5309
Chakram,NPR_chakram,Destroyer Escort,NPRS,ammofeed,,5000,300,6000,,600,0,,60,50,60,35,65,550,OMNI,,300,0.3,0.8,,,75,75,,,,,,,,,,,,,,,,,,,,,,,,0.4,2,4,,5202
Sarissa,NPR_sarissa,Battleship,NPRS,fortressshield,45,25000,1750,20000,,1000,340,2,35,10,10,5,4,7000,OMNI,,300,0.4,1,,,600,1200,1000,600,20,30,7,1000000,3,20,720,0.25,70,70,,,,,,,NEVER_DODGE_MISSILES,"hightech_bp, rare_bp, persean",,,0.5,0.2,2,3,,5310
Flail,NPR_flail,Battleship,NPRS,ammofeed,26,12000,1500,15000,,1200,360,,45,30,20,10,5,3000,OMNI,,300,0.4,1.2,,,250,600,500,300,10,30,8,300000,3,15,600,0.25,40,40,,,,,,,,"hightech_bp, rare_bp, merc, ind, persean, hegemony",,,,0.4,2,3,,5311
