{
	"combatSmall":{

		"fallback":{"combatMedium":0.5},
	},
	"combatMedium":{

		"NPR_hwando_Assault":0.5,

		"NPR_hwando_Artillary":0.5,

		"NPR_hwando_Lance":0.5,

		"NPR_hwando_Elite_Advanced":0.25,

		"NPR_mace_Assault":1,

		"NPR_mace_Advanced":1,

		"NPR_morningstar":1,		

		"NPR_longsword_AA":3,

		"NPR_longsword_Assault":3,

		"NPR_longsword_Artillary":4,

		"NPR_broadsword_Vanguard":4,

		"NPR_broadsword_Elite_Elite":1,

		"NPR_shortsword_Guerrilla":5,

		"NPR_shortsword_Barrage":5,

		"hammerhead_nprs":5,

		"NPR_sabre_Assault":3,

		"NPR_sabre_long_assault":3,

		"NPR_sabre_Lancer":3,

		"NPR_claymore_Artillary":3,

		"fallback":{"combatSmall":1},
	},
	"combatLarge":{

		"eagle_nprs":2,

		"NPR_spear_Assault":2,

		"NPR_spear_Missile":2,

		"NPR_halberd_AA":1,

		"NPR_halberd_Assault":1,

		"fallback":{"combatMedium":1},
	},
	"combatCapital":{

		"NPR_greatsword_Assault":2,

		"NPR_greatsword_Standard":2,

		"NPR_flail_Standard":1,

		"NPR_flail_Broadside":1,

		"NPR_sarissa_Support":0.25,

		"NPR_sarissa_Assault":0.25,

		"fallback":{"combatLarge":1},

	},

	# carriers
	"carrierSmall":{

		"fallback":{"carrierMedium":0.5},
		"fallback2":{"carrierLarge":0.25},
	},
	"carrierMedium":{

		"fallback":{"carrierSmall":1},
		"fallback2":{"carrierLarge":0.5},
	},
	"carrierLarge":{

		"fallback":{"carrierMedium":1},
		"fallback2":{"carrierSmall":1},
	},


	# freighters and such
	"freighterMedium":{

		"fallback2":{"freighterLarge":0.5},
	},
	"freighterLarge":{

	},

	"tankerMedium":{

	},

}
